DATE_TIME,AMBIENT_TEMPERATURE,MODULE_TEMPERATURE,IRRADIATION
2020-08-01 00:00:00,12.574449100231009,12.438159667103594,0.0
2020-08-01 00:15:00,11.897390997628307,13.00868061681258,0.0
2020-08-01 00:30:00,10.661082705319544,10.488245088415418,0.0
2020-08-01 00:45:00,11.923471292075094,10.375677966444908,0.0
2020-08-01 01:00:00,11.136171271518846,12.453222807978085,0.0
2020-08-01 01:15:00,11.239004811145241,10.570352164575816,0.0
2020-08-01 01:30:00,11.250706322294686,12.49785223620552,0.0
2020-08-01 01:45:00,10.833736125503318,11.847423063304703,0.0
2020-08-01 02:00:00,12.142495008978376,13.503841715606095,0.0
2020-08-01 02:15:00,11.084297671360636,10.34151069695123,0.0
2020-08-01 02:30:00,11.310100510231306,11.528771684120457,0.0
2020-08-01 02:45:00,11.60209408613633,11.840057661827714,0.0
2020-08-01 03:00:00,11.539605883923429,11.259998406781742,0.0
2020-08-01 03:15:00,11.662597745363689,9.882189710882349,0.0
2020-08-01 03:30:00,12.447308829526087,13.606048981016537,0.0
2020-08-01 03:45:00,12.144606995795247,11.336533133965796,0.0
2020-08-01 04:00:00,12.240432799293657,12.06700916424056,0.0
2020-08-01 04:15:00,12.876197774644789,12.834211840073271,0.0
2020-08-01 04:30:00,12.77490217187368,14.5396670393644,0.0
2020-08-01 04:45:00,13.265391870808084,14.01541608742558,0.0
2020-08-01 05:00:00,14.147221990731476,13.195414929086,0.0
2020-08-01 05:15:00,13.81700475349863,12.868983447307807,0.0
2020-08-01 05:30:00,14.164045886773984,14.50824795901003,0.0
2020-08-01 05:45:00,14.752877264954057,15.241314575392138,0.0
2020-08-01 06:00:00,14.919950023142805,15.74488816245839,0.026501088547649605
2020-08-01 06:15:00,15.846126194802313,16.1409311718275,0.0009478051742921392
2020-08-01 06:30:00,16.531693391200545,18.521537638742224,0.10315569161262553
2020-08-01 06:45:00,16.73220245922361,20.169778899342745,0.1599083532846659
2020-08-01 07:00:00,17.537991942552697,21.385399696675588,0.19841948966790512
2020-08-01 07:15:00,17.878911068177196,24.39263349106601,0.26169397138518036
2020-08-01 07:30:00,18.31663602355283,24.659062439812544,0.34912001455046
2020-08-01 07:45:00,17.89314516450735,25.626952631748082,0.3867366289985932
2020-08-01 08:00:00,19.342513590245986,28.146782858317245,0.46455418469260096
2020-08-01 08:15:00,19.920337536141528,29.056318528784136,0.45049761987337517
2020-08-01 08:30:00,20.411309895271042,32.36382573679284,0.5407617203907203
2020-08-01 08:45:00,20.79504319969863,32.273382307197224,0.5927129795905435
2020-08-01 09:00:00,21.82964633191078,34.1395535396675,0.6043893499505792
2020-08-01 09:15:00,20.90150183360113,35.347133457411644,0.6755968410228272
2020-08-01 09:30:00,23.176285927130536,37.57411257301006,0.7229899796824623
2020-08-01 09:45:00,22.94384258258995,39.581302211096244,0.7720132022539771
2020-08-01 10:00:00,23.280312789474664,38.20697010883506,0.7935476902515347
2020-08-01 10:15:00,22.429351735955592,37.87396773546649,0.7965904673244691
2020-08-01 10:30:00,23.734106999192097,41.33577235015144,0.8286276378945184
2020-08-01 10:45:00,25.396577564515923,42.77609172182326,0.8539597147357075
2020-08-01 11:00:00,25.041300187554363,42.19708293496034,0.8626189333521362
2020-08-01 11:15:00,25.87733567847359,41.835862356733124,0.8389820409737425
2020-08-01 11:30:00,26.166039276044877,45.67535910955971,0.9322601130310267
2020-08-01 11:45:00,25.889106688743052,45.54390713974751,0.8896049488279296
2020-08-01 12:00:00,25.406946055864154,45.807767966361446,0.9385681131714244
2020-08-01 12:15:00,26.82624779129108,44.42161922091913,0.8865876215669762
2020-08-01 12:30:00,26.797075197468093,45.69020047560738,0.887434318463494
2020-08-01 12:45:00,27.276693656209094,46.37442455264031,0.9089012471795556
2020-08-01 13:00:00,28.121090593878044,45.82746458428033,0.8950160138340043
2020-08-01 13:15:00,27.168331916814587,43.83900224835077,0.8426271649703542
2020-08-01 13:30:00,26.638120162111335,43.748951293669734,0.8051196862645348
2020-08-01 13:45:00,27.57392504186165,43.03658434400201,0.7786897778050008
2020-08-01 14:00:00,27.26851863374334,42.78067677894755,0.8049422787006986
2020-08-01 14:15:00,26.459733169503902,40.47402625775018,0.7597874729068476
2020-08-01 14:30:00,27.447135947191473,42.16196556326268,0.6954613000172619
2020-08-01 14:45:00,26.687785617557058,39.04478720202257,0.6621096511854743
2020-08-01 15:00:00,26.67533772410079,38.976320252394686,0.6553078196131373
2020-08-01 15:15:00,26.90109308756802,40.43307179657383,0.6177212416141339
2020-08-01 15:30:00,26.607169043860466,37.367335991054325,0.5640483226599271
2020-08-01 15:45:00,26.63736833123502,36.58489486595989,0.49361304219767393
2020-08-01 16:00:00,26.28046328460305,36.900483667617806,0.4967160079504442
2020-08-01 16:15:00,24.943366708066,33.10156625745747,0.4499056563299822
2020-08-01 16:30:00,25.248388739080358,33.18963154623497,0.38138466539712396
2020-08-01 16:45:00,25.727163838914898,31.77730835011825,0.30650462981150195
2020-08-01 17:00:00,25.684838619145285,28.734010036219928,0.1917889455836441
2020-08-01 17:15:00,23.802376667468973,27.339881289442747,0.18647577378767613
2020-08-01 17:30:00,23.591894117586307,26.968445438836127,0.09484829751076691
2020-08-01 17:45:00,24.965208364321676,25.517014930750705,0.04161854836741348
2020-08-01 18:00:00,23.396830328321276,23.38364116263524,0.0017116656559548005
2020-08-01 18:15:00,22.358364061128004,21.674053480901122,0.0
2020-08-01 18:30:00,22.775756427578074,23.79176687147417,0.0
2020-08-01 18:45:00,21.79764089995488,22.83344167113141,0.0
2020-08-01 19:00:00,21.213486860817216,21.251501179193212,0.0
2020-08-01 19:15:00,21.368694569659326,20.30612219326259,0.0
2020-08-01 19:30:00,20.265949196118466,20.357878856762362,0.0
2020-08-01 19:45:00,20.202034636565294,19.715223859536056,0.0
2020-08-01 20:00:00,18.93008510202123,19.473009762292914,0.0
2020-08-01 20:15:00,18.738361268199263,19.610618203731715,0.0
2020-08-01 20:30:00,18.170711612209566,20.37059536534112,0.0
2020-08-01 20:45:00,18.440079548192877,21.314730341021445,0.0
2020-08-01 21:00:00,17.251996009714844,16.721674357553425,0.0
2020-08-01 21:15:00,17.00310712664963,18.034844565961443,0.0
2020-08-01 21:30:00,16.924170759706527,16.520177848680664,0.0
2020-08-01 21:45:00,15.67149413996788,13.976136926156942,0.0
2020-08-01 22:00:00,14.472959553102067,12.876500412615632,0.0
2020-08-01 22:15:00,14.73196393394287,14.427563121276755,0.0
2020-08-01 22:30:00,14.730857488201096,14.166687803205713,0.0
2020-08-01 22:45:00,13.590823911442868,14.00556703297564,0.0
2020-08-01 23:00:00,13.625467128527388,13.63797970308586,0.0
2020-08-01 23:15:00,13.270518384014768,11.574606581081968,0.0
2020-08-01 23:30:00,13.216737220298512,14.302884434864858,0.0
2020-08-01 23:45:00,13.289970826904938,13.777330739706398,0.0
2020-08-02 00:00:00,12.850068009925293,13.712780173485637,0.0
2020-08-02 00:15:00,12.099092949706765,10.844130287799139,0.0
2020-08-02 00:30:00,11.323555461093374,11.71002963555444,0.0
2020-08-02 00:45:00,12.024875903541737,10.610935389449859,0.0
2020-08-02 01:00:00,10.734427958952681,9.565086678036126,0.0
2020-08-02 01:15:00,11.6978039987015,11.894255901875317,0.0
2020-08-02 01:30:00,10.089408682528052,9.19668445914107,0.0
2020-08-02 01:45:00,11.17299512311232,9.190089846928542,0.0
2020-08-02 02:00:00,11.095968073806807,11.536159335995416,0.0
2020-08-02 02:15:00,11.872927948678148,11.268380667016354,0.0
2020-08-02 02:30:00,11.421155786769177,12.837236897844413,0.0
2020-08-02 02:45:00,10.892934249505844,11.568368476254287,0.0
2020-08-02 03:00:00,12.129758443996792,11.625414661382825,0.0
2020-08-02 03:15:00,10.999413215818402,10.882128448380586,0.0
2020-08-02 03:30:00,12.00352323279312,11.985713380797014,0.0
2020-08-02 03:45:00,13.046595946094484,12.850819215131441,0.0
2020-08-02 04:00:00,13.30702006065583,12.973411736457384,0.0
2020-08-02 04:15:00,12.147734281728653,11.487957665258252,0.0
2020-08-02 04:30:00,13.227172173057532,13.15261445947071,0.0
2020-08-02 04:45:00,12.960341490715917,14.716119099562693,0.0
2020-08-02 05:00:00,14.484472854337515,15.36405628734937,0.0
2020-08-02 05:15:00,13.600832655190544,13.539602327812268,0.0
2020-08-02 05:30:00,14.898426770582144,14.609531234748243,0.0
2020-08-02 05:45:00,14.913910589717572,14.563020068942572,0.0
2020-08-02 06:00:00,15.123179849387983,14.792904731780709,0.0
2020-08-02 06:15:00,15.14057844762869,18.251980462116396,0.09731401858765198
2020-08-02 06:30:00,15.48400341237729,17.92221694748411,0.09966616558327848
2020-08-02 06:45:00,16.065873527889813,19.90564871004604,0.17469042639087884
2020-08-02 07:00:00,16.853046611927887,21.221974601782385,0.23042311394709317
2020-08-02 07:15:00,17.69337023656708,21.688403639542333,0.3139637088492638
2020-08-02 07:30:00,18.86631700536237,25.59676055375752,0.32221775823236437
2020-08-02 07:45:00,18.42272952644327,28.167880165854598,0.38269896142328014
2020-08-02 08:00:00,19.36837170201519,27.92802996372005,0.45458724277272067
2020-08-02 08:15:00,20.412184862592696,30.396943439766478,0.46694177010077254
2020-08-02 08:30:00,20.643441805841054,31.365459327419238,0.5353036826693734
2020-08-02 08:45:00,20.64606459102778,30.20439863643499,0.6143487610630245
2020-08-02 09:00:00,21.324126801782466,32.45683121544094,0.6005654292815371
2020-08-02 09:15:00,21.46197129667383,35.381931555111365,0.6686860415810763
2020-08-02 09:30:00,22.315057301470787,38.595259587694706,0.7632785839682835
2020-08-02 09:45:00,23.338149997783674,37.78159041920419,0.7720331053356597
2020-08-02 10:00:00,23.479243554568725,36.29982743089309,0.7865667721533487
2020-08-02 10:15:00,24.396967686072017,39.24578184187157,0.8104076644589503
2020-08-02 10:30:00,24.012114335968352,41.120647854419595,0.8465624763811884
2020-08-02 10:45:00,23.89814222872009,40.587889445174554,0.8486726464545798
2020-08-02 11:00:00,25.43994043347901,43.380306893817306,0.8778361175767135
2020-08-02 11:15:00,25.568216992342265,45.31850518409403,0.8961978871209973
2020-08-02 11:30:00,24.999575629990414,42.19832425683058,0.9031046915673526
2020-08-02 11:45:00,26.39461693958816,44.432461385244274,0.91792919910521
2020-08-02 12:00:00,26.01271104583324,42.35657525037121,0.8525364379652375
2020-08-02 12:15:00,26.77902558465979,45.402901154325605,0.8820237791538895
2020-08-02 12:30:00,26.703662377094542,43.610755322087925,0.8875361064644856
2020-08-02 12:45:00,27.082096894175372,45.54595241658083,0.8936415918433523
2020-08-02 13:00:00,26.903643512866257,45.17241847558179,0.9151981171396377
2020-08-02 13:15:00,25.929869393936002,43.95290627181994,0.8783987014156764
2020-08-02 13:30:00,28.25682186477947,45.0404288313448,0.8593272154496683
2020-08-02 13:45:00,27.181841147216414,42.9769134233293,0.817058785902561
2020-08-02 14:00:00,26.75354482034372,43.220190756830554,0.7893781335481256
2020-08-02 14:15:00,26.801900970849886,44.66905546572234,0.7917560667449416
2020-08-02 14:30:00,26.949143038841736,42.26701980620937,0.729381468427
2020-08-02 14:45:00,27.274960821878096,41.70616521284992,0.665789443239862
2020-08-02 15:00:00,27.83723644623679,39.72256776537968,0.6277526965783196
2020-08-02 15:15:00,25.739929905955336,38.362457606918696,0.5770457601847266
2020-08-02 15:30:00,25.768415845321172,37.28313737600065,0.5531276479600973
2020-08-02 15:45:00,26.285072498569885,35.96034226041145,0.4985656584759468
2020-08-02 16:00:00,26.18631520889412,34.77952557075715,0.4505402483318194
2020-08-02 16:15:00,26.027465550698935,31.928788313870875,0.35774076803207744
2020-08-02 16:30:00,25.96724016749721,32.62368802532555,0.33478610724761076
2020-08-02 16:45:00,25.304128499081045,33.3711370195811,0.3132738055054861
2020-08-02 17:00:00,24.671198576637305,28.01099814391423,0.22991789497570106
2020-08-02 17:15:00,24.35677681944677,27.63980600733387,0.16474349324194343
2020-08-02 17:30:00,24.819418166256817,26.05137600184775,0.14354991508403128
2020-08-02 17:45:00,23.597771447427395,25.95182278564064,0.06733293146835896
2020-08-02 18:00:00,24.148993162900585,22.674019714040412,0.0
2020-08-02 18:15:00,22.439471561076616,22.35338762079085,0.0
2020-08-02 18:30:00,22.425544010651887,21.11871035131211,0.0
2020-08-02 18:45:00,21.968063634308404,21.56130634246229,0.0
2020-08-02 19:00:00,21.525594087923643,20.474822937016338,0.0
2020-08-02 19:15:00,21.846572661019223,23.42970279394377,0.0
2020-08-02 19:30:00,19.7728517039395,18.864394812958004,0.0
2020-08-02 19:45:00,19.39671732970026,18.61382029557406,0.0
2020-08-02 20:00:00,18.887970918717528,18.449067078726642,0.0
2020-08-02 20:15:00,18.709615164509543,18.96583744426398,0.0
2020-08-02 20:30:00,18.38039534460243,17.802606485524645,0.0
2020-08-02 20:45:00,17.09005063072877,17.524012648351487,0.0
2020-08-02 21:00:00,17.12220534313483,16.826968068772555,0.0
2020-08-02 21:15:00,16.350747168633195,16.251090140009513,0.0
2020-08-02 21:30:00,16.93273083148203,18.670729779705667,0.0
2020-08-02 21:45:00,15.170320057736205,13.946722558540149,0.0
2020-08-02 22:00:00,16.306779880675407,16.48788183094085,0.0
2020-08-02 22:15:00,14.894633686147513,15.202200432418971,0.0
2020-08-02 22:30:00,14.390684803470679,13.716364627999916,0.0
2020-08-02 22:45:00,14.066732273491906,13.805549850557615,0.0
2020-08-02 23:00:00,13.919795284175017,13.309006986364475,0.0
2020-08-02 23:15:00,12.671313733074065,12.120923271822816,0.0
2020-08-02 23:30:00,13.147904787152717,11.857633887786866,0.0
2020-08-02 23:45:00,12.296897768449226,12.12832356787651,0.0
2020-08-03 00:00:00,12.33930749916609,12.775390510617182,0.0
2020-08-03 00:15:00,11.29784060568899,11.887931322322975,0.0
2020-08-03 00:30:00,11.531149575652854,12.74005348751015,0.0
2020-08-03 00:45:00,12.083114719396722,12.976013282649872,0.0
2020-08-03 01:00:00,10.76715694375771,11.246552641822237,0.0
2020-08-03 01:15:00,11.103554036108262,10.966385539774077,0.0
2020-08-03 01:30:00,11.129622405056951,10.250495420771339,0.0
2020-08-03 01:45:00,11.702779667107286,11.424010801695614,0.0
2020-08-03 02:00:00,11.570868005882538,11.077867912689346,0.0
2020-08-03 02:15:00,11.087303173728236,11.944403569624647,0.0
2020-08-03 02:30:00,11.155091784530022,11.91689001712654,0.0
2020-08-03 02:45:00,11.672691666461384,11.821861986781027,0.0
2020-08-03 03:00:00,11.205198852637587,11.472537851689319,0.0
2020-08-03 03:15:00,10.920120897707815,11.40052992804134,0.0
2020-08-03 03:30:00,11.937686473803183,12.268830400398812,0.0
2020-08-03 03:45:00,11.806645197925016,10.927614534530955,0.0
2020-08-03 04:00:00,12.547434456553487,12.463921783618675,0.0
2020-08-03 04:15:00,12.21426768567004,11.746907879203274,0.0
2020-08-03 04:30:00,12.623562068392191,12.484428659489074,0.0
2020-08-03 04:45:00,14.36480321300148,15.308346928784491,0.0
2020-08-03 05:00:00,13.115719212778519,12.577390916523589,0.0
2020-08-03 05:15:00,14.228343635667278,14.578730268108963,0.0
2020-08-03 05:30:00,14.09226618511306,15.189615305235396,0.0
2020-08-03 05:45:00,15.215859416294686,13.938834248688142,0.0
2020-08-03 06:00:00,14.639873940292718,12.263072169036509,0.0
2020-08-03 06:15:00,15.810436071874134,16.20989615271557,0.0775801007081813
2020-08-03 06:30:00,15.408073763036981,18.287517278186723,0.12090872375646743
2020-08-03 06:45:00,16.90130109245265,19.590985166205307,0.1747778990410622
2020-08-03 07:00:00,16.426505716645597,19.408168544961796,0.22090374548458244
2020-08-03 07:15:00,17.757301744140726,23.02317500662637,0.2944874103542233
2020-08-03 07:30:00,18.491870522843275,26.84108245701009,0.3125856969478709
2020-08-03 07:45:00,18.602034488766,26.017718143837712,0.36445555662366436
2020-08-03 08:00:00,20.04402104948397,28.83937887286108,0.43819239493440215
2020-08-03 08:15:00,20.519916039815516,31.433513957992435,0.5113889619706677
2020-08-03 08:30:00,19.782095768063478,29.908520460814945,0.534746309116772
2020-08-03 08:45:00,21.041440700527698,33.24210106697109,0.6196802564493598
2020-08-03 09:00:00,21.43806332659522,32.72527168860882,0.593359036981622
2020-08-03 09:15:00,21.588401651417946,35.22410260776006,0.71320179228214
2020-08-03 09:30:00,22.12382190160128,36.37305674817495,0.696631968896885
2020-08-03 09:45:00,23.833914529330798,40.28575782808279,0.7602742055865833
2020-08-03 10:00:00,22.801933413988685,37.00908475259598,0.7734971145996711
2020-08-03 10:15:00,24.147507837875217,39.183124708594256,0.8231671130279279
2020-08-03 10:30:00,24.112073839487156,40.6826471300807,0.8324775720569162
2020-08-03 10:45:00,24.413409913692664,41.849113279648364,0.8780390551150963
2020-08-03 11:00:00,24.63507515820583,42.060807830037945,0.8742177353733097
2020-08-03 11:15:00,25.527722957805032,44.10394297993597,0.8867303667570358
2020-08-03 11:30:00,25.765982731653885,43.319494898935176,0.8995080007307957
2020-08-03 11:45:00,25.97719865319899,44.60206321119242,0.8670302993774505
2020-08-03 12:00:00,25.851976460354333,42.88132932156553,0.8745820894806816
2020-08-03 12:15:00,25.909120115450694,44.23483060090659,0.9118350101033079
2020-08-03 12:30:00,27.310988607200187,44.18619038871821,0.8772160943633895
2020-08-03 12:45:00,26.59476308215306,44.8757107834468,0.9138521617094982
2020-08-03 13:00:00,26.823251233981967,43.526003389084806,0.8273169028958635
2020-08-03 13:15:00,26.948928517276904,44.99838742897095,0.8369902941258006
2020-08-03 13:30:00,27.524232503090523,43.051035314776726,0.8243360845073333
2020-08-03 13:45:00,26.95949190547422,41.84920081014549,0.8096703108742065
2020-08-03 14:00:00,27.19184089487254,43.471964656972176,0.7817583170212012
2020-08-03 14:15:00,27.529939622476107,40.54598515562325,0.7033341695702227
2020-08-03 14:30:00,27.08903687051222,40.15112175103238,0.7212700492609151
2020-08-03 14:45:00,27.71244532181827,40.60861733170602,0.6696921648905301
2020-08-03 15:00:00,26.78558952842845,39.85684845313735,0.6425856719090255
2020-08-03 15:15:00,27.06899475792542,38.814860925180675,0.5872515596358521
2020-08-03 15:30:00,26.185296929459586,36.34852621777125,0.5533253589368597
2020-08-03 15:45:00,27.09322429692786,36.349042902465605,0.5408681584879779
2020-08-03 16:00:00,26.230414438462518,35.57050652655609,0.47311192744426905
2020-08-03 16:15:00,25.750461192455948,33.764153935606295,0.38832450102690846
2020-08-03 16:30:00,25.129617237962385,31.920672625778288,0.33855421660744317
2020-08-03 16:45:00,25.87539537110419,32.673315390271256,0.282453495197558
2020-08-03 17:00:00,24.432834548506605,30.10102323124311,0.24360793707014988
2020-08-03 17:15:00,24.617396138219437,28.839623829951723,0.19519454666300812
2020-08-03 17:30:00,23.882002803783806,26.012739366064174,0.11088655359536119
2020-08-03 17:45:00,23.737530070272648,25.402879943504296,0.038006617967552336
2020-08-03 18:00:00,23.465915049232233,21.565516284358583,0.0
2020-08-03 18:15:00,23.597229212081196,23.639309837939525,0.0
2020-08-03 18:30:00,22.771018346139794,21.895521995700204,0.0
2020-08-03 18:45:00,21.351747553538075,19.32675826697226,0.0
2020-08-03 19:00:00,21.49091416033339,20.960348984582847,0.0
2020-08-03 19:15:00,20.341390490540476,19.407847432918913,0.0
2020-08-03 19:30:00,19.948586065959223,20.738671177500336,0.0
2020-08-03 19:45:00,20.028524940623743,19.8177124020827,0.0
2020-08-03 20:00:00,19.62939181284243,20.22334847848292,0.0
2020-08-03 20:15:00,17.761224293364744,18.488346946796177,0.0
2020-08-03 20:30:00,17.65857695755612,18.130494077808894,0.0
2020-08-03 20:45:00,18.14435679497956,17.909946862307894,0.0
2020-08-03 21:00:00,17.505620495274236,17.639861788778955,0.0
2020-08-03 21:15:00,16.828431763235667,17.174183092393264,0.0
2020-08-03 21:30:00,16.41707546427323,13.954225693140188,0.0
2020-08-03 21:45:00,16.091446340248908,16.413145512889436,0.0
2020-08-03 22:00:00,15.015448777148947,13.454278151100993,0.0
2020-08-03 22:15:00,15.278208424600386,15.344532668044101,0.0
2020-08-03 22:30:00,14.425215660511874,15.587363005115368,0.0
2020-08-03 22:45:00,14.062232666670297,14.20295145118557,0.0
2020-08-03 23:00:00,12.945311089866133,12.720037239255523,0.0
2020-08-03 23:15:00,12.399964805730619,11.368568705957133,0.0
2020-08-03 23:30:00,12.861851306961901,11.989630590216267,0.0
2020-08-03 23:45:00,12.09392186403211,11.303015513414843,0.0
2020-08-04 00:00:00,13.546915084356101,14.274780831974313,0.0
2020-08-04 00:15:00,11.694371619780734,10.767557933454187,0.0
2020-08-04 00:30:00,11.993107157221766,11.960544762539257,0.0
2020-08-04 00:45:00,11.515519098375414,11.108961641671987,0.0
2020-08-04 01:00:00,11.542071933172215,11.722747592913004,0.0
2020-08-04 01:15:00,10.556075566052812,10.671267107812893,0.0
2020-08-04 01:30:00,11.203929211878421,10.179370593281963,0.0
2020-08-04 01:45:00,11.186711263980337,11.173024607949692,0.0
2020-08-04 02:00:00,10.740398525333408,9.815825915236688,0.0
2020-08-04 02:15:00,11.753578223783784,11.243226251928146,0.0
2020-08-04 02:30:00,10.59039193255193,11.517441429119492,0.0
2020-08-04 02:45:00,12.191693979779034,12.912874650681857,0.0
2020-08-04 03:00:00,11.840644375982324,10.8179296381464,0.0
2020-08-04 03:15:00,11.914652841415727,10.629173151306007,0.0
2020-08-04 03:30:00,12.98138279497911,12.002674774948183,0.0
2020-08-04 03:45:00,12.54435033013473,12.48661587902788,0.0
2020-08-04 04:00:00,12.70082226319919,10.539504878349994,0.0
2020-08-04 04:15:00,11.728317870603725,12.780294761284502,0.0
2020-08-04 04:30:00,13.125954010629272,12.115958276717848,0.0
2020-08-04 04:45:00,13.614549969240954,14.442315827599534,0.0
2020-08-04 05:00:00,14.437375803142755,13.171024441851555,0.0
2020-08-04 05:15:00,14.39809493201471,15.6232194424876,0.0
2020-08-04 05:30:00,13.540835681567176,14.56233869890711,0.0
2020-08-04 05:45:00,14.51614143242684,15.469122120140838,0.0
2020-08-04 06:00:00,14.513958135694043,13.913724008876857,0.0
2020-08-04 06:15:00,15.748537858506896,17.74254150896965,0.06032431661822255
2020-08-04 06:30:00,15.809952688062577,18.462657384846693,0.1460797964270133
2020-08-04 06:45:00,16.675896637342984,19.954595801732577,0.18010450768305727
2020-08-04 07:00:00,16.922342688172467,21.109031219897076,0.238569784708727
2020-08-04 07:15:00,16.887938134223234,23.189869185512162,0.2588714562115092
2020-08-04 07:30:00,18.72604927129777,24.860326398014436,0.3605974677637868
2020-08-04 07:45:00,18.611308505461967,25.019631639555726,0.3939511737240797
2020-08-04 08:00:00,19.66992293840909,28.548963811070106,0.48081948370798366
2020-08-04 08:15:00,19.520846694610054,29.643057144432618,0.5101197980608317
2020-08-04 08:30:00,20.24780265237719,29.561621804927753,0.5320000982881159
2020-08-04 08:45:00,21.11703569486771,32.9596862086234,0.6103142920761582
2020-08-04 09:00:00,21.251516130600166,33.41406222064162,0.6156958456903009
2020-08-04 09:15:00,22.24718168743736,35.791149892498815,0.6572650381107303
2020-08-04 09:30:00,22.203182831964273,36.89173963089618,0.7114096136897813
2020-08-04 09:45:00,22.033107082280303,37.22540604281658,0.7134517907732505
2020-08-04 10:00:00,22.243850781027398,38.04049606278042,0.7828115454357407
2020-08-04 10:15:00,23.603499064910217,40.1384323643546,0.7986394033477378
2020-08-04 10:30:00,23.04194928686455,39.92517380501968,0.8192854159532951
2020-08-04 10:45:00,23.821308572904584,40.44507285578397,0.8679709836104644
2020-08-04 11:00:00,24.422305536396472,43.35558968469885,0.8645964092904159
2020-08-04 11:15:00,24.964185480872427,44.252613835345876,0.9059714624192975
2020-08-04 11:30:00,25.391268442156274,42.25929278772662,0.9119831932072808
2020-08-04 11:45:00,25.50609438395697,43.99304284460003,0.9078959255210732
2020-08-04 12:00:00,25.506669607431878,43.02545760870841,0.8844991180468995
2020-08-04 12:15:00,27.18554852778139,46.49210265330238,0.8780356530413742
2020-08-04 12:30:00,27.545332006563136,43.375544158310944,0.8967322121529553
2020-08-04 12:45:00,27.055761351651174,43.601503600296454,0.8905909911937901
2020-08-04 13:00:00,26.4297708383032,43.92472519666266,0.8389684010839218
2020-08-04 13:15:00,26.839268968109756,43.57506385565637,0.8444522602720024
2020-08-04 13:30:00,27.913773808698057,44.056569328189276,0.8147982970338197
2020-08-04 13:45:00,27.443541047209376,44.608939686345366,0.78052485748457
2020-08-04 14:00:00,27.20282240443592,42.089940353184154,0.7589975397895061
2020-08-04 14:15:00,27.58077590385148,43.468048852239875,0.7709070979970226
2020-08-04 14:30:00,27.50145393977819,41.517160926938544,0.6655177296852209
2020-08-04 14:45:00,26.93647506636986,40.13131437873095,0.7043667847553605
2020-08-04 15:00:00,26.845238051034137,39.55372748530035,0.6275534467927489
2020-08-04 15:15:00,27.181845480790113,38.818892657882195,0.5634146377851406
2020-08-04 15:30:00,26.38175474275513,37.91648516277811,0.5796634291794797
2020-08-04 15:45:00,25.602624139134484,34.35101410863574,0.5188073963536441
2020-08-04 16:00:00,26.018113378956663,35.63323596942419,0.4662376728907286
2020-08-04 16:15:00,25.55032503821624,33.58734831480628,0.37073578517472117
2020-08-04 16:30:00,25.99971415624589,36.32874860518226,0.3651223701941075
2020-08-04 16:45:00,24.812101703347096,30.906277849155522,0.2709014688136652
2020-08-04 17:00:00,24.065781187559985,29.547117532232356,0.22300354457200156
2020-08-04 17:15:00,23.808379942684976,28.744747352808595,0.17057339602431806
2020-08-04 17:30:00,23.353610100227794,26.343239474259054,0.12109820421139551
2020-08-04 17:45:00,23.3000039322848,24.16620775257385,0.08116210873415569
2020-08-04 18:00:00,24.128688951504802,24.206341424533097,0.007015812937405001
2020-08-04 18:15:00,22.21256560829869,23.85269223019177,0.0
2020-08-04 18:30:00,21.40630148093634,21.209500209806016,0.0
2020-08-04 18:45:00,21.079350729681277,21.051570760640736,0.0
2020-08-04 19:00:00,20.731937679485835,22.88947349465978,0.0
2020-08-04 19:15:00,20.351653465069532,21.262107493453566,0.0
2020-08-04 19:30:00,20.122735621474323,20.982321612340915,0.0
2020-08-04 19:45:00,19.593844875509976,19.52185357868075,0.0
2020-08-04 20:00:00,18.74027088227526,16.552420994295584,0.0
2020-08-04 20:15:00,18.34695568708972,17.446409239887476,0.0
2020-08-04 20:30:00,17.406157684616918,18.962403965753737,0.0
2020-08-04 20:45:00,17.173937915315715,17.67721898350657,0.0
2020-08-04 21:00:00,16.505208146996527,16.067581325552545,0.0
2020-08-04 21:15:00,16.421472748664513,16.998637515833146,0.0
2020-08-04 21:30:00,15.498520698501439,15.228679740372343,0.0
2020-08-04 21:45:00,14.484225926260699,14.761900148520716,0.0
2020-08-04 22:00:00,14.732438033082657,14.003034774952173,0.0
2020-08-04 22:15:00,14.843305957994612,15.39321115853225,0.0
2020-08-04 22:30:00,14.916818227895277,14.111231879862252,0.0
2020-08-04 22:45:00,13.588770616482885,12.305249339197818,0.0
2020-08-04 23:00:00,13.005690134862373,11.023480328517497,0.0
2020-08-04 23:15:00,13.396069580467428,11.748727628312976,0.0
2020-08-04 23:30:00,12.372924038327717,12.432646207078843,0.0
2020-08-04 23:45:00,11.706200712673196,11.384367949270054,0.0
2020-08-05 00:00:00,11.776660003290942,10.27638042871997,0.0
2020-08-05 00:15:00,11.581766554626215,11.929286145759614,0.0
2020-08-05 00:30:00,11.531269116235764,12.600447054410838,0.0
2020-08-05 00:45:00,12.142492402029326,11.490850322877586,0.0
2020-08-05 01:00:00,11.044364368845804,11.916983520059532,0.0
2020-08-05 01:15:00,11.551635091716,10.305435830503113,0.0
2020-08-05 01:30:00,10.924143154017807,10.80373108301474,0.0
2020-08-05 01:45:00,11.147455586085648,10.95441191740525,0.0
2020-08-05 02:00:00,10.944021570121997,10.73042184329489,0.0
2020-08-05 02:15:00,11.347218793470416,11.645815599596128,0.0
2020-08-05 02:30:00,10.288353901576153,8.596897607935665,0.0
2020-08-05 02:45:00,12.105553480816019,13.460061418277544,0.0
2020-08-05 03:00:00,11.826230236852128,12.492461201889755,0.0
2020-08-05 03:15:00,11.330721791699572,11.07320098904924,0.0
2020-08-05 03:30:00,12.00741530415047,11.369862561310402,0.0
2020-08-05 03:45:00,12.53970460874091,11.720891624318138,0.0
2020-08-05 04:00:00,12.305268110278087,12.269637540752964,0.0
2020-08-05 04:15:00,12.137978066570358,11.89289555362658,0.0
2020-08-05 04:30:00,13.226025366563944,12.71751096615884,0.0
2020-08-05 04:45:00,13.505834117462253,14.403827069766635,0.0
2020-08-05 05:00:00,12.95775270847305,15.269137432401928,0.0
2020-08-05 05:15:00,13.796662823390355,12.656538760305738,0.0
2020-08-05 05:30:00,14.611851785586667,14.509114401541419,0.0
2020-08-05 05:45:00,15.118350342953441,13.948726496164099,0.0
2020-08-05 06:00:00,15.191507592904856,16.918611705011607,0.0
2020-08-05 06:15:00,16.647411572375407,17.51136826638863,0.054503252875632825
2020-08-05 06:30:00,15.766585703966308,18.158235008770124,0.10651574791037097
2020-08-05 06:45:00,17.08130175804096,22.357433606171476,0.21070869848025975
2020-08-05 07:00:00,16.9574181796658,22.268735627582693,0.2436469145523126
2020-08-05 07:15:00,17.02406712251434,23.44024152879104,0.2855941654619066
2020-08-05 07:30:00,18.259927460126928,23.963389319674814,0.3483193516569318
2020-08-05 07:45:00,18.812248529730475,27.48700473821239,0.40642792028652847
2020-08-05 08:00:00,18.99767263726037,29.283658156829915,0.09159028300161948
2020-08-05 08:15:00,19.95758146400592,31.005029991530016,0.10701582963413231
2020-08-05 08:30:00,20.902046322910287,33.677580230672284,0.11904225371450355
2020-08-05 08:45:00,20.791557368578932,30.112203784976494,0.11879091506308892
2020-08-05 09:00:00,21.32482289501144,33.28873260477257,0.12756507259932245
2020-08-05 09:15:00,21.817610866238546,36.441157947374656,0.1356092022643271
2020-08-05 09:30:00,21.774223736438742,37.0355258287117,0.14468443792016036
2020-08-05 09:45:00,22.70909934948639,37.87227947519155,0.14342073306224964
2020-08-05 10:00:00,22.99908460950034,37.77867732598952,0.15631621337336524
2020-08-05 10:15:00,23.280304773462174,38.24606089606294,0.15762623078037197
2020-08-05 10:30:00,24.122029439307152,42.859671275174286,0.17491416771874868
2020-08-05 10:45:00,24.731867445360535,42.254023729989655,0.16558257481012095
2020-08-05 11:00:00,24.288275443291678,42.63187436741091,0.1740675807812394
2020-08-05 11:15:00,25.66914139243701,42.53563100402113,0.16882567823605468
2020-08-05 11:30:00,26.211861600377883,44.3147119075721,0.17748291379421488
2020-08-05 11:45:00,25.269865568272444,42.138167937607726,0.17897429664997097
2020-08-05 12:00:00,25.563489373292523,44.39039937189881,0.17820748660378158
2020-08-05 12:15:00,26.620100071761314,45.10454491877875,0.17032537533757916
2020-08-05 12:30:00,26.794493003728483,45.62678941748511,0.17817956053062053
2020-08-05 12:45:00,26.51845125052383,45.245675023460144,0.17591770472965784
2020-08-05 13:00:00,27.108403330398534,44.71976476962643,0.1814963123036311
2020-08-05 13:15:00,27.639612320180653,43.95019004025001,0.16898856201106904
2020-08-05 13:30:00,26.93072507901222,41.83950182920666,0.16171158921278828
2020-08-05 13:45:00,27.463022987666143,44.47511482355657,0.16481183174967912
2020-08-05 14:00:00,27.70608840053803,43.44352278121329,0.1516012347128238
2020-08-05 14:15:00,26.781244219081646,40.89229293900194,0.15397676729212817
2020-08-05 14:30:00,26.73992840573055,39.77819828416637,0.14283912100064586
2020-08-05 14:45:00,26.236452313854432,38.74027465467397,0.13616989807743407
2020-08-05 15:00:00,26.554460809783016,40.15132757420034,0.13071909134185367
2020-08-05 15:15:00,26.58262877942953,38.60173750639573,0.12129937803793889
2020-08-05 15:30:00,26.33058187181239,38.426836839502656,0.1145077037098903
2020-08-05 15:45:00,26.520585707810305,36.80149694083232,0.09814447816086667
2020-08-05 16:00:00,26.096483763842702,37.40120035364146,0.09015368262325812
2020-08-05 16:15:00,25.929487707226176,36.6430870613269,0.46066212824013636
2020-08-05 16:30:00,26.010059121679912,33.71519276024251,0.36420738586431
2020-08-05 16:45:00,25.092980701546512,29.953408549277658,0.24204391390461416
2020-08-05 17:00:00,25.0445325073871,30.98569243098254,0.25269702869604854
2020-08-05 17:15:00,24.88723078591695,28.149500222220425,0.17753615112673607
2020-08-05 17:30:00,22.753771679892886,24.741251754627857,0.1266584559056373
2020-08-05 17:45:00,23.558593519268324,23.189322952672146,0.05492095548226731
2020-08-05 18:00:00,23.168375100506907,24.401431331070697,0.005920589403272858
2020-08-05 18:15:00,22.5656585176281,22.115128438478983,0.0
2020-08-05 18:30:00,22.233130260765638,22.26663766939995,0.0
2020-08-05 18:45:00,21.608612157765215,19.654649438791452,0.0
2020-08-05 19:00:00,21.419005004080912,19.69436090161206,0.0
2020-08-05 19:15:00,20.681470955978252,18.964137487673128,0.0
2020-08-05 19:30:00,20.130623256320014,20.86048848273002,0.0
2020-08-05 19:45:00,19.047922872933245,20.304694986081575,0.0
2020-08-05 20:00:00,19.8079701398032,19.319926648025,0.0
2020-08-05 20:15:00,17.43158008720934,15.950864742678895,0.0
2020-08-05 20:30:00,18.099569844374777,18.345970736293026,0.0
2020-08-05 20:45:00,16.727233440476883,15.108680272459905,0.0
2020-08-05 21:00:00,17.087001793449396,17.417431308074306,0.0
2020-08-05 21:15:00,16.91802794735893,18.18129550596172,0.0
2020-08-05 21:30:00,15.296565453140138,15.239687976833952,0.0
2020-08-05 21:45:00,15.745241883878595,16.08563542833002,0.0
2020-08-05 22:00:00,15.359335362367343,16.76143413943598,0.0
2020-08-05 22:15:00,14.340226543532706,14.132859099969828,0.0
2020-08-05 22:30:00,14.586165391517833,14.871917856873273,0.0
2020-08-05 22:45:00,14.295344493355667,14.19104016018394,0.0
2020-08-05 23:00:00,14.38737528873181,15.911619953683903,0.0
2020-08-05 23:15:00,13.348396966344868,14.174752837895529,0.0
2020-08-05 23:30:00,13.526222160975044,13.96605489746915,0.0
2020-08-05 23:45:00,12.255461830620943,12.961953922431626,0.0
2020-08-06 00:00:00,11.924812044876871,12.79598818728057,0.0
2020-08-06 00:15:00,12.116950281745904,12.600072635064631,0.0
2020-08-06 00:30:00,11.122947046628065,11.40935141092715,0.0
2020-08-06 00:45:00,10.732485539959514,8.231026416238423,0.0
2020-08-06 01:00:00,11.364516151082297,9.594966433336209,0.0
2020-08-06 01:15:00,10.690961651362578,12.49088520572914,0.0
2020-08-06 01:30:00,10.15759801708387,8.888357068710503,0.0
2020-08-06 01:45:00,11.267126811445594,10.208838203342545,0.0
2020-08-06 02:00:00,10.114656449781858,11.042524685577456,0.0
2020-08-06 02:15:00,10.640488908886518,11.647225828710521,0.0
2020-08-06 02:30:00,12.163748443487059,11.319302589073395,0.0
2020-08-06 02:45:00,10.533883247740034,9.975712159883878,0.0
2020-08-06 03:00:00,11.511407155196887,12.052224257032695,0.0
2020-08-06 03:15:00,10.613852661229505,11.591088902018674,0.0
2020-08-06 03:30:00,11.36987600000553,12.16370784991199,0.0
2020-08-06 03:45:00,11.814151446951302,12.148283279263989,0.0
2020-08-06 04:00:00,11.975095525934064,12.19403662188249,0.0
2020-08-06 04:15:00,11.933981346443066,12.30005008806316,0.0
2020-08-06 04:30:00,13.420922005021657,13.126202265027452,0.0
2020-08-06 04:45:00,13.344575514079938,13.72231900364225,0.0
2020-08-06 05:00:00,12.705477161068657,14.339183481248863,0.0
2020-08-06 05:15:00,14.279857013682065,14.466080144164804,0.0
2020-08-06 05:30:00,14.41101621390631,13.38751672401986,0.0
2020-08-06 05:45:00,14.618560032557667,14.36612549261342,0.0
2020-08-06 06:00:00,15.283398327628804,17.330707447867702,0.013884773181437954
2020-08-06 06:15:00,15.326922077542815,14.818621826970297,0.06788833741602074
2020-08-06 06:30:00,14.847453861745782,16.16748052542828,0.0929189806864893
2020-08-06 06:45:00,16.323270444363214,19.31054316769073,0.16728356844305306
2020-08-06 07:00:00,16.899859497885565,21.299668423732694,0.22677671307522748
2020-08-06 07:15:00,16.259527993634986,23.304101963783918,0.29873758637632186
2020-08-06 07:30:00,17.76110476278948,25.23353634275731,0.33718597070546136
2020-08-06 07:45:00,18.005346365648155,25.261332609403386,0.38476579558030405
2020-08-06 08:00:00,19.782508091400633,29.189138497775254,0.43360567365173736
2020-08-06 08:15:00,19.405412573954784,29.13026792008896,0.5179225342419584
2020-08-06 08:30:00,19.864006552006572,30.305211295890498,0.5673628857611875
2020-08-06 08:45:00,20.817991445595556,30.809281007815027,0.5652054535273645
2020-08-06 09:00:00,20.901007811120632,33.18726412242832,0.6140608076087783
2020-08-06 09:15:00,21.956421063306053,37.739849257546474,0.7096732753310501
2020-08-06 09:30:00,22.135769898256168,35.65203634235867,0.72232259138721
2020-08-06 09:45:00,21.856325532633655,35.11785004072543,0.7563627502699042
2020-08-06 10:00:00,23.72687054363463,38.421687577422304,0.7655641823320257
2020-08-06 10:15:00,23.336838264319496,38.15420311714537,0.7572547793837094
2020-08-06 10:30:00,24.074385284906562,41.965699353662046,0.8521823537992961
2020-08-06 10:45:00,23.72539593837233,39.752608713029915,0.8313836642678103
2020-08-06 11:00:00,23.89837136505781,40.241893907229205,0.8667762864548852
2020-08-06 11:15:00,25.36202684383473,45.426355412005165,0.8781409259883798
2020-08-06 11:30:00,25.39701273731924,42.716489320929625,0.8775022512395569
2020-08-06 11:45:00,26.015567744854902,43.97681090642414,0.8870871030688735
2020-08-06 12:00:00,25.508292961897343,43.48550661347738,0.8937895325469417
2020-08-06 12:15:00,25.904114224807472,45.51245483921917,0.9076604415873173
2020-08-06 12:30:00,26.752157741298678,43.64736988297015,0.8634905250659644
2020-08-06 12:45:00,27.10735132841509,45.00622246862304,0.8965921272255998
2020-08-06 13:00:00,26.726968308338705,44.17063707537867,0.8482717069538344
2020-08-06 13:15:00,26.62702944601287,44.22432037466094,0.8830321075383214
2020-08-06 13:30:00,27.003902678116905,43.38085965898358,0.8610851600188489
2020-08-06 13:45:00,27.009419852104735,41.96357285269118,0.842172653288435
2020-08-06 14:00:00,27.540108317854962,43.373331157770984,0.8039739829586339
2020-08-06 14:15:00,27.099935632079706,41.50737531970985,0.752881603421914
2020-08-06 14:30:00,26.88757434579338,40.84882350923307,0.7169194202418676
2020-08-06 14:45:00,28.031136517491614,41.24887183508735,0.6708313619947117
2020-08-06 15:00:00,26.908277608293083,39.12140591756492,0.6225287082600317
2020-08-06 15:15:00,26.52457997366748,39.379548729748436,0.6385491909130819
2020-08-06 15:30:00,26.224778565489785,37.18558794667493,0.5417024317385064
2020-08-06 15:45:00,25.98682584371892,36.75337944335567,0.5017514129973851
2020-08-06 16:00:00,26.05887198901233,35.24623773172856,0.42416863982345837
2020-08-06 16:15:00,25.005477968432434,35.02675977923155,0.36822823755198847
2020-08-06 16:30:00,24.999037874442998,31.95406875833899,0.33547143485134073
2020-08-06 16:45:00,25.600010065204277,30.68092244608953,0.2945113135589378
2020-08-06 17:00:00,24.315484393868562,27.52951822188032,0.2064590633155085
2020-08-06 17:15:00,24.1937682445802,29.41469433709973,0.18444753566033575
2020-08-06 17:30:00,23.98791608281092,26.6678935613661,0.10627652385615798
2020-08-06 17:45:00,23.311396345725814,24.451697839994313,0.06730913340574635
2020-08-06 18:00:00,23.169716723715172,22.599694117767353,0.021523771412177043
2020-08-06 18:15:00,22.63889808324674,23.740584218717263,0.0
2020-08-06 18:30:00,22.77255630884259,23.585865465153457,0.0
2020-08-06 18:45:00,21.55874771071882,22.088935970650333,0.0
2020-08-06 19:00:00,21.446158507484935,23.172827733218906,0.0
2020-08-06 19:15:00,21.187972820189685,18.49692660094224,0.0
2020-08-06 19:30:00,19.962165658642917,19.133762974993395,0.0
2020-08-06 19:45:00,19.019404629450936,19.500589173508345,0.0
2020-08-06 20:00:00,18.54864869864254,18.184139431863994,0.0
2020-08-06 20:15:00,17.803552388826517,17.9032533646965,0.0
2020-08-06 20:30:00,18.00503587872085,18.208268341614513,0.0
2020-08-06 20:45:00,17.668633635850142,19.07410530264371,0.0
2020-08-06 21:00:00,17.248760779710146,18.148573568174164,0.0
2020-08-06 21:15:00,15.86096720423986,15.759960377982317,0.0
2020-08-06 21:30:00,15.135093747693295,15.972604622650898,0.0
2020-08-06 21:45:00,15.038948990764052,15.60015016661589,0.0
2020-08-06 22:00:00,15.30660581815287,14.84357494426841,0.0
2020-08-06 22:15:00,15.660806437364421,15.520635795536432,0.0
2020-08-06 22:30:00,14.630025261424107,13.331841252071174,0.0
2020-08-06 22:45:00,14.337880292926902,15.046495310211512,0.0
2020-08-06 23:00:00,13.22711341710066,14.111417941787286,0.0
2020-08-06 23:15:00,12.648325201908449,12.939031274177706,0.0
2020-08-06 23:30:00,12.077267115668082,12.564957979465126,0.0
2020-08-06 23:45:00,13.235974071081799,12.301067431035658,0.0
2020-08-07 00:00:00,11.787601041535659,11.666155277683234,0.0
2020-08-07 00:15:00,11.546043517581362,11.76421217975624,0.0
2020-08-07 00:30:00,10.964734704057998,10.70825211355077,0.0
2020-08-07 00:45:00,11.336895726946764,11.548466015027447,0.0
2020-08-07 01:00:00,11.468095510632716,12.147092733346975,0.0
2020-08-07 01:15:00,10.848988064434282,10.10418860130742,0.0
2020-08-07 01:30:00,11.360072461706869,11.706759530953809,0.0
2020-08-07 01:45:00,10.524813013785398,8.28092762757346,0.0
2020-08-07 02:00:00,11.153764495654158,11.558770449552672,0.0
2020-08-07 02:15:00,11.913814725787901,11.090786488169714,0.0
2020-08-07 02:30:00,11.662659252697742,9.802140621345178,0.0
2020-08-07 02:45:00,11.422474390648377,12.085563263217255,0.0
2020-08-07 03:00:00,12.17257703812231,12.065070309474804,0.0
2020-08-07 03:15:00,11.533772681013636,12.108728073553088,0.0
2020-08-07 03:30:00,12.552052997128833,13.015242644365534,0.0
2020-08-07 03:45:00,12.090265479744463,11.115901937656417,0.0
2020-08-07 04:00:00,12.313126065499038,11.34714276058445,0.0
2020-08-07 04:15:00,11.837018185074305,12.986612573507314,0.0
2020-08-07 04:30:00,13.03911236093917,11.457172740683362,0.0
2020-08-07 04:45:00,13.401047448556907,13.311565251302131,0.0
2020-08-07 05:00:00,12.52010952820599,11.746701564440679,0.0
2020-08-07 05:15:00,13.186329690046442,14.349935446248,0.0
2020-08-07 05:30:00,14.302114794661607,15.663570963024496,0.0
2020-08-07 05:45:00,14.440129488600757,12.397626546259557,0.0
2020-08-07 06:00:00,15.480071019592351,17.91914486933779,0.022085236203247715
2020-08-07 06:15:00,15.310320726809026,17.6352398157013,0.10568780251835509
2020-08-07 06:30:00,16.099473441937274,19.58799389160893,0.11844417249487527
2020-08-07 06:45:00,15.818058404818789,17.196452974710667,0.1685251064286862
2020-08-07 07:00:00,17.040769115018822,22.223470190550927,0.22747202166533198
2020-08-07 07:15:00,18.12805365870699,25.654207878502348,0.2841876925423716
2020-08-07 07:30:00,18.12999532341123,25.838770265990643,0.33613471427338454
2020-08-07 07:45:00,17.875776736339418,26.471441211032154,0.38456424583450594
2020-08-07 08:00:00,19.77437677692454,28.36621615615078,0.46230613011294375
2020-08-07 08:15:00,18.61470401514157,30.051155277370896,0.5315993806800134
2020-08-07 08:30:00,21.008215059302827,32.40373515450846,0.5683592225718439
2020-08-07 08:45:00,20.673280867192844,33.45620650270587,0.5978734496776641
2020-08-07 09:00:00,20.34228769236153,35.3941972920899,0.6441171909529649
2020-08-07 09:15:00,22.091804044785672,35.31112343344204,0.6778755182426838
2020-08-07 09:30:00,22.12883315094246,34.755408946844966,0.6927834542226914
2020-08-07 09:45:00,21.463775764427275,36.53216385277477,0.7274955779466289
2020-08-07 10:00:00,23.108312886895412,38.32004819618008,0.7632541072437342
2020-08-07 10:15:00,23.320055003456872,40.51151225008111,0.8087928278885991
2020-08-07 10:30:00,22.809332327943544,39.31667327350816,0.8453599025087091
2020-08-07 10:45:00,23.19018609724987,39.28899026232384,0.8333332999104811
2020-08-07 11:00:00,24.44991397358472,42.777065325623035,0.9050562908379698
2020-08-07 11:15:00,24.42579733054513,43.791778811371024,0.8915340231048259
2020-08-07 11:30:00,24.829387403626118,41.19199099448459,0.8715847762007222
2020-08-07 11:45:00,24.67877837080624,43.205682004681364,0.8776112139534801
2020-08-07 12:00:00,25.97188342813408,44.542746995304284,0.9227233465800885
2020-08-07 12:15:00,26.56590722438754,44.994415801921804,0.8932697815508815
2020-08-07 12:30:00,26.885112156972873,45.09241194867195,0.9012234697393642
2020-08-07 12:45:00,27.28952651946786,43.30016603915439,0.8900625272209962
2020-08-07 13:00:00,26.831270097528666,43.16833732208188,0.8790772072308796
2020-08-07 13:15:00,27.323575969882913,45.67174839008653,0.8603185808258358
2020-08-07 13:30:00,26.56650873662811,42.557788994602056,0.8155055429057828
2020-08-07 13:45:00,27.34196002682416,42.78760959517596,0.8207366127202432
2020-08-07 14:00:00,26.506183509620712,41.778434549058815,0.7668251005360709
2020-08-07 14:15:00,26.824667563711436,43.075843988255116,0.7366210385513311
2020-08-07 14:30:00,27.529579391302597,42.156775550699784,0.7486991405554878
2020-08-07 14:45:00,26.807214804478836,40.32815607240561,0.6751480847430538
2020-08-07 15:00:00,25.41990992837301,38.03384442492815,0.629338002124829
2020-08-07 15:15:00,27.189096883241696,37.1281793196444,0.5902342865811759
2020-08-07 15:30:00,27.145865719725283,37.59113063252029,0.5359857977818682
2020-08-07 15:45:00,25.913686428061048,36.1808854491511,0.4799079236696801
2020-08-07 16:00:00,26.546516851649933,35.341295931505094,0.45353438379939415
2020-08-07 16:15:00,25.92972952700247,32.29548942821922,0.3864998805461051
2020-08-07 16:30:00,25.599081088113866,31.427824498680557,0.35082042545609077
2020-08-07 16:45:00,26.451285323587463,33.12795350118219,0.28803436994606463
2020-08-07 17:00:00,24.936247408874685,28.106396743933058,0.22144006454228488
2020-08-07 17:15:00,24.663354289796544,28.90889621363294,0.17814016607309005
2020-08-07 17:30:00,24.251549015360524,25.848681258577088,0.08530615189182916
2020-08-07 17:45:00,23.894555991734837,23.59015895071123,0.035576877100093066
2020-08-07 18:00:00,23.334445837551947,24.41369231059168,0.0
2020-08-07 18:15:00,22.172968008281707,21.99149274392885,0.0
2020-08-07 18:30:00,22.61432392298668,22.11065229838158,0.0
2020-08-07 18:45:00,21.195409342949834,20.3764924104959,0.0
2020-08-07 19:00:00,21.427207557829988,21.938226413727204,0.0
2020-08-07 19:15:00,20.22239569867014,21.63215087597834,0.0
2020-08-07 19:30:00,19.01980384859817,19.612693603308514,0.0
2020-08-07 19:45:00,19.639244267294824,22.459869631348656,0.0
2020-08-07 20:00:00,18.444553634522034,19.839961242521568,0.0
2020-08-07 20:15:00,17.72381243644535,17.799496315486827,0.0
2020-08-07 20:30:00,18.280470287092292,16.453635403011948,0.0
2020-08-07 20:45:00,17.507062516622003,17.663378563927726,0.0
2020-08-07 21:00:00,17.47975991382775,17.110441708780726,0.0
2020-08-07 21:15:00,16.447211393626002,17.043698793132265,0.0
2020-08-07 21:30:00,16.732061552221243,16.701809223327942,0.0
2020-08-07 21:45:00,15.978559444719137,14.524389981512096,0.0
2020-08-07 22:00:00,15.391758828733234,15.049062190295453,0.0
2020-08-07 22:15:00,15.477384281159944,15.449896986075325,0.0
2020-08-07 22:30:00,13.512009286938405,14.094095110003371,0.0
2020-08-07 22:45:00,13.611165781661434,14.59827361209138,0.0
2020-08-07 23:00:00,12.960141769161938,12.492454051188378,0.0
2020-08-07 23:15:00,13.196339401614987,13.310638057870879,0.0
2020-08-07 23:30:00,12.673690641123668,12.128549276100701,0.0
2020-08-07 23:45:00,12.235091601706582,11.315520379758965,0.0
2020-08-08 00:00:00,12.008490587823374,9.258427878862147,0.0
2020-08-08 00:15:00,12.022932072819442,13.262425897094209,0.0
2020-08-08 00:30:00,11.31467941040326,10.887039735921244,0.0
2020-08-08 00:45:00,11.253416184104799,10.368679758203601,0.0
2020-08-08 01:00:00,11.980330985138211,12.283139760377477,0.0
2020-08-08 01:15:00,12.090568634000608,11.72628487667297,0.0
2020-08-08 01:30:00,10.736231809513141,8.854999268846594,0.0
2020-08-08 01:45:00,11.045868882754114,11.717677497361702,0.0
2020-08-08 02:00:00,10.706085843933108,8.676904383966153,0.0
2020-08-08 02:15:00,11.405297377733207,11.37013088207307,0.0
2020-08-08 02:30:00,11.471458295867043,10.088609349204217,0.0
2020-08-08 02:45:00,11.402042127796435,11.140259773631318,0.0
2020-08-08 03:00:00,11.843393092352802,10.956666465845997,0.0
2020-08-08 03:15:00,11.468793806958733,9.958150835218412,0.0
2020-08-08 03:30:00,11.229962057513942,11.579003645488209,0.0
2020-08-08 03:45:00,11.691737155705251,11.276144523792897,0.0
2020-08-08 04:00:00,11.912386238813214,12.90795950684839,0.0
2020-08-08 04:15:00,12.13056934292997,10.756453241176864,0.0
2020-08-08 04:30:00,12.32578354716194,11.200088981784873,0.0
2020-08-08 04:45:00,12.631735777687252,12.36431925158297,0.0
2020-08-08 05:00:00,13.545050242221002,14.228888232287906,0.0
2020-08-08 05:15:00,13.173584916847823,12.103471718012262,0.0
2020-08-08 05:30:00,14.012566718944893,12.564766127106935,0.0
2020-08-08 05:45:00,13.832892056743683,14.269485759826438,0.0
2020-08-08 06:00:00,15.03500684506609,14.326763215063906,0.008730417223435365
2020-08-08 06:15:00,15.557654779463572,15.692135809574609,0.06516930321815126
2020-08-08 06:30:00,16.080762916178482,18.05203117103083,0.12332637783621338
2020-08-08 06:45:00,15.693934835224585,19.916278102812935,0.17550318117418107
2020-08-08 07:00:00,16.84623267904546,22.289438538632158,0.23907489657762
2020-08-08 07:15:00,17.62807053857137,25.086284138560913,0.3100071163866245
2020-08-08 07:30:00,18.34382185980864,24.761908958875757,0.3456641470900783
2020-08-08 07:45:00,18.435243156714638,25.684934570150833,0.37459550580438983
2020-08-08 08:00:00,18.926284030581108,28.575690995758208,0.437279242078513
2020-08-08 08:15:00,20.011702998493156,30.335155346831478,0.5296137515475948
2020-08-08 08:30:00,19.44320856181092,29.679348713981714,0.5521083460227316
2020-08-08 08:45:00,21.07070893802585,31.911846369789515,0.5999695815712638
2020-08-08 09:00:00,21.40202633762253,34.711582588785184,0.6424308649742698
2020-08-08 09:15:00,22.09257100892546,36.28188062009849,0.6861286330528401
2020-08-08 09:30:00,21.692286156614244,35.76472493025394,0.6706721686121342
2020-08-08 09:45:00,22.118217629699295,38.790195128153734,0.7764038694883231
2020-08-08 10:00:00,23.354034418246805,38.350468138151335,0.7839119554477657
2020-08-08 10:15:00,24.25249834124259,39.690942627179034,0.7974110998684624
2020-08-08 10:30:00,24.31339450347645,42.04628111627133,0.8229492011171898
2020-08-08 10:45:00,23.924713204494353,40.13897681124868,0.8582057259014971
2020-08-08 11:00:00,25.090495761071402,43.2481462294702,0.8839294937555269
2020-08-08 11:15:00,24.453170248391707,42.298426682349906,0.8520971987275336
2020-08-08 11:30:00,24.66349453069668,41.60702030271782,0.875842744138418
2020-08-08 11:45:00,24.975387989250933,45.40597078881333,0.934987441613672
2020-08-08 12:00:00,25.33306970098349,43.03867844408425,0.8796805405319449
2020-08-08 12:15:00,25.456130284319865,43.81982106738046,0.8993238581419137
2020-08-08 12:30:00,25.545730955889802,41.40472170463639,0.9085338409703737
2020-08-08 12:45:00,26.70742572059636,43.60526967696631,0.8966905035795062
2020-08-08 13:00:00,26.729953508956683,42.82671373282028,0.8575787993099182
2020-08-08 13:15:00,26.33092554404149,44.072627669399104,0.8709546966617449
2020-08-08 13:30:00,26.672978935675175,42.49734393036936,0.8145717248715391
2020-08-08 13:45:00,26.656408794020845,43.15898934930158,0.8244632120063972
2020-08-08 14:00:00,27.010439294502262,43.63285277230061,0.7641475664480789
2020-08-08 14:15:00,27.137199033208486,42.71874902046034,0.7646700646496111
2020-08-08 14:30:00,27.354445305125246,42.459739433024495,0.7057945988117723
2020-08-08 14:45:00,26.887211419072703,40.596725437377785,0.7239693981308899
2020-08-08 15:00:00,25.949070918248903,38.91954818709719,0.6159544059562924
2020-08-08 15:15:00,26.450591704043234,37.757376642520356,0.5650988912706776
2020-08-08 15:30:00,26.359874664754095,37.431794218470515,0.5831544610430778
2020-08-08 15:45:00,26.005651512313847,34.96000969742888,0.4811513246270209
2020-08-08 16:00:00,25.72920078919202,36.643707259156734,0.4879495702368932
2020-08-08 16:15:00,25.032228566159723,34.01560111848994,0.4117154203644371
2020-08-08 16:30:00,25.194991544227722,30.780861428366748,0.3348484956866666
2020-08-08 16:45:00,24.592253798025304,30.521552367250454,0.27642784940065995
2020-08-08 17:00:00,23.78532033155935,28.352140107919418,0.2315804235700939
2020-08-08 17:15:00,23.521278267761893,29.12477718424019,0.2132533403683851
2020-08-08 17:30:00,23.9507275179756,26.278692041919278,0.1251077994626639
2020-08-08 17:45:00,23.75699954073803,25.453150504035314,0.052864733521414034
2020-08-08 18:00:00,22.57472192947776,24.147284314421714,0.0
2020-08-08 18:15:00,22.984901085263342,23.56559535205659,0.0
2020-08-08 18:30:00,22.581115695181353,22.992635191056856,0.0
2020-08-08 18:45:00,21.11108396165996,21.11173154931175,0.0
2020-08-08 19:00:00,20.827993318493924,20.849236935349275,0.0
2020-08-08 19:15:00,20.06405952006054,19.737232061666333,0.0
2020-08-08 19:30:00,19.642381598687848,20.013058799705952,0.0
2020-08-08 19:45:00,19.507402401140936,20.32903219327991,0.0
2020-08-08 20:00:00,19.858764992264074,19.956881792031172,0.0
2020-08-08 20:15:00,18.36643491784163,18.3631807001614,0.0
2020-08-08 20:30:00,18.027039887189773,16.326474374188532,0.0
2020-08-08 20:45:00,17.061431299096423,18.2414733957552,0.0
2020-08-08 21:00:00,16.706117101500116,15.564634476928145,0.0
2020-08-08 21:15:00,15.722609721288856,13.915257980656351,0.0
2020-08-08 21:30:00,15.793178724832199,16.04848525196675,0.0
2020-08-08 21:45:00,14.919667831479458,12.480263571613389,0.0
2020-08-08 22:00:00,15.491665362565799,15.170222054963082,0.0
2020-08-08 22:15:00,14.73574808272664,12.654400745386068,0.0
2020-08-08 22:30:00,14.397793270561301,11.891420758423415,0.0
2020-08-08 22:45:00,13.856060490682763,14.050272098757521,0.0
2020-08-08 23:00:00,13.035999002306358,11.899783388159396,0.0
2020-08-08 23:15:00,12.968475173802121,13.378810278527922,0.0
2020-08-08 23:30:00,12.167900935074202,11.284912356910842,0.0
2020-08-08 23:45:00,12.177134955459762,10.999390215403995,0.0
2020-08-09 00:00:00,11.10876288716221,11.802049407426598,0.0
2020-08-09 00:15:00,12.232021832603305,11.975724963906138,0.0
2020-08-09 00:30:00,11.456806769030132,11.234435183533652,0.0
2020-08-09 00:45:00,10.428522187980784,12.565045889837807,0.0
2020-08-09 01:00:00,12.151283653744596,11.853941065012194,0.0
2020-08-09 01:15:00,10.89998318140741,10.103547254226724,0.0
2020-08-09 01:30:00,10.807164007349886,11.445661623328085,0.0
2020-08-09 01:45:00,10.303286842761883,9.945658902657769,0.0
2020-08-09 02:00:00,11.181029756591183,11.159535462389599,0.0
2020-08-09 02:15:00,10.074833556969729,9.355094485593634,0.0
2020-08-09 02:30:00,11.812501192639585,10.520319042069797,0.0
2020-08-09 02:45:00,10.98383384772508,12.578260010494139,0.0
2020-08-09 03:00:00,11.743420638548523,11.570055283227443,0.0
2020-08-09 03:15:00,11.920838616695166,11.659433014787535,0.0
2020-08-09 03:30:00,11.4972069610165,11.291573722293371,0.0
2020-08-09 03:45:00,11.172005381085889,11.068088231866923,0.0
2020-08-09 04:00:00,11.927510844223281,10.23818142553077,0.0
2020-08-09 04:15:00,12.919619442633898,13.459252350237685,0.0
2020-08-09 04:30:00,11.724086303500215,13.24884954802262,0.0
2020-08-09 04:45:00,12.74610037441183,12.709128550133324,0.0
2020-08-09 05:00:00,13.581017584176369,14.182897564821872,0.0
2020-08-09 05:15:00,14.091139505434205,13.612028982783553,0.0
2020-08-09 05:30:00,13.614713496066415,13.62697707795211,0.0
2020-08-09 05:45:00,13.970281006888062,11.384719661902132,0.0
2020-08-09 06:00:00,13.619956871830382,12.677742638159348,0.020532398503599114
2020-08-09 06:15:00,14.947813101627268,18.96362111983738,0.07964320783881033
2020-08-09 06:30:00,15.420606618735022,15.53596213631123,0.0772552415535411
2020-08-09 06:45:00,15.858730835512466,19.648164532263813,0.15132591770635906
2020-08-09 07:00:00,16.606209257279396,20.015904148166097,0.24315557399404172
2020-08-09 07:15:00,17.49678152036114,23.70699184028966,0.3003263018767657
2020-08-09 07:30:00,17.082861972703515,24.070882833909153,0.34543040559008154
2020-08-09 07:45:00,18.763470886609948,28.994100733291912,0.42675279296095053
2020-08-09 08:00:00,19.460240023046772,30.40724212022986,0.4542537219795149
2020-08-09 08:15:00,20.07292704210937,28.2035140180234,0.5166461285539036
2020-08-09 08:30:00,19.880474660783083,31.872008564978398,0.5681042125636416
2020-08-09 08:45:00,19.88466078321453,32.046367634417805,0.6118192485780618
2020-08-09 09:00:00,20.97581448500484,34.374517107786076,0.6529201076979957
2020-08-09 09:15:00,21.33205586682343,33.673106547525414,0.6737043039885627
2020-08-09 09:30:00,21.8224707654818,37.653815015087275,0.7380508994564178
2020-08-09 09:45:00,21.757285703868366,35.43726456999874,0.7359522623578452
2020-08-09 10:00:00,22.499137631811863,38.77101398565234,0.7784175721839834
2020-08-09 10:15:00,23.18902535647493,40.250993737399206,0.802105419580434
2020-08-09 10:30:00,23.954218626487844,41.06000506509818,0.8106440645119223
2020-08-09 10:45:00,24.227024978698307,40.77638504350703,0.8557261336295586
2020-08-09 11:00:00,24.906051644742863,43.6505143160408,0.8766636315829266
2020-08-09 11:15:00,24.072870350805996,41.17616978345199,0.8535054652467094
2020-08-09 11:30:00,24.92854713163807,40.16461961169077,0.8883599103672508
2020-08-09 11:45:00,25.3848731355274,43.826635187552576,0.8895311776797394
2020-08-09 12:00:00,26.627698123083732,44.36249218874486,0.8966328369648601
2020-08-09 12:15:00,26.03212323193252,43.93054692589258,0.8836323568817223
2020-08-09 12:30:00,25.615360488763464,42.73486698882999,0.8765474585526472
2020-08-09 12:45:00,25.813481549667074,45.83723105043137,0.8829490178614292
2020-08-09 13:00:00,26.626902178349646,43.41989638989718,0.8447633288436086
2020-08-09 13:15:00,27.51896969942277,44.40728156308432,0.8466709644763809
2020-08-09 13:30:00,26.428369706672257,43.23164775775068,0.8367592703521954
2020-08-09 13:45:00,26.049759527707344,43.241068400032496,0.8099036970600849
2020-08-09 14:00:00,26.77330812498944,43.85917592836972,0.7734671497659081
2020-08-09 14:15:00,26.96748402263666,41.3822999057444,0.7098408145018461
2020-08-09 14:30:00,26.524878274667596,41.63442293738716,0.7049891292729733
2020-08-09 14:45:00,26.639728406897028,40.41360807042898,0.6440441006112211
2020-08-09 15:00:00,26.827756820436118,39.03998804656871,0.639121455882046
2020-08-09 15:15:00,26.763491625560448,41.027197166083795,0.6014190699701387
2020-08-09 15:30:00,26.692133025338702,40.50189834371955,0.5636762839155856
2020-08-09 15:45:00,26.395885344720803,35.83573653191542,0.5393710258747754
2020-08-09 16:00:00,25.68496100873126,32.760100840862194,0.4137771863631679
2020-08-09 16:15:00,25.470261459558213,33.82807726506014,0.3900376344397124
2020-08-09 16:30:00,24.58045022078315,31.298601013759058,0.3522945347407209
2020-08-09 16:45:00,24.282658637499367,29.53058911129031,0.307946377193008
2020-08-09 17:00:00,24.844805994452287,30.067614659541672,0.2269453202292319
2020-08-09 17:15:00,25.00483220396893,29.37884127983522,0.1371578193250246
2020-08-09 17:30:00,23.496380533533326,26.331452908909622,0.11751361064292251
2020-08-09 17:45:00,23.167100651438655,25.849796617884504,0.10194961674005107
2020-08-09 18:00:00,23.674181167873087,23.265787760060206,0.0009526975860456073
2020-08-09 18:15:00,22.430137861995924,23.870003046980212,0.0
2020-08-09 18:30:00,22.269196203070603,23.79155199373152,0.0
2020-08-09 18:45:00,21.227214975819585,19.76258101031985,0.0
2020-08-09 19:00:00,21.086946975581345,19.171869413809134,0.0
2020-08-09 19:15:00,19.851352379153518,20.332628694398817,0.0
2020-08-09 19:30:00,19.806476690713126,20.005623894251908,0.0
2020-08-09 19:45:00,19.33512793775319,18.963294083116914,0.0
2020-08-09 20:00:00,19.530940661158994,20.801917191589368,0.0
2020-08-09 20:15:00,18.92977918559923,18.096432572639475,0.0
2020-08-09 20:30:00,18.56662754991266,21.214268927730078,0.0
2020-08-09 20:45:00,16.40355586848755,17.306362852824712,0.0
2020-08-09 21:00:00,15.965598553453802,16.289779514271338,0.0
2020-08-09 21:15:00,16.640929592400376,15.675474897181605,0.0
2020-08-09 21:30:00,15.554069540377055,14.302877960012449,0.0
2020-08-09 21:45:00,15.540550231577408,15.10662696936848,0.0
2020-08-09 22:00:00,14.98061685322018,16.58488094801048,0.0
2020-08-09 22:15:00,15.276696457440071,15.108173909892015,0.0
2020-08-09 22:30:00,13.608549953856537,11.801067290270268,0.0
2020-08-09 22:45:00,14.736617096907253,11.216311159009289,0.0
2020-08-09 23:00:00,12.8732686619333,13.882029277163296,0.0
2020-08-09 23:15:00,13.741780153402155,15.664116047474693,0.0
2020-08-09 23:30:00,13.249421098147486,14.510144164465695,0.0
2020-08-09 23:45:00,12.23387219749543,12.617840631777584,0.0
2020-08-10 00:00:00,12.030675344282493,12.111346236857571,0.0
2020-08-10 00:15:00,11.091293146909214,12.553070511308572,0.0
2020-08-10 00:30:00,11.488302242412658,11.74542115301949,0.0
2020-08-10 00:45:00,10.968328013644944,9.89776609916241,0.0
2020-08-10 01:00:00,10.84117716477532,11.494215584110057,0.0
2020-08-10 01:15:00,11.226511973337328,13.0624577740747,0.0
2020-08-10 01:30:00,10.035861013151528,10.816937410134566,0.0
2020-08-10 01:45:00,10.880683835710833,12.723984330099977,0.0
2020-08-10 02:00:00,11.23103417369019,12.579049674186441,0.0
2020-08-10 02:15:00,10.677648700182935,9.81287516594866,0.0
2020-08-10 02:30:00,10.692631892553177,10.555094999866151,0.0
2020-08-10 02:45:00,11.059221310962045,10.738467281483883,0.0
2020-08-10 03:00:00,11.768395764193183,9.432249134482712,0.0
2020-08-10 03:15:00,10.724592646890352,10.415072625036366,0.0
2020-08-10 03:30:00,11.730936164554116,12.790477794889123,0.0
2020-08-10 03:45:00,12.335175214346975,11.387899586023018,0.0
2020-08-10 04:00:00,12.655013213097098,11.367408623880724,0.0
2020-08-10 04:15:00,12.182371963827027,12.029667376130162,0.0
2020-08-10 04:30:00,12.942442111524183,11.518139397004003,0.0
2020-08-10 04:45:00,13.047495371198236,13.361614659052806,0.0
2020-08-10 05:00:00,13.383570175835546,13.030053923899796,0.0
2020-08-10 05:15:00,13.34629824104886,11.859335192766522,0.0
2020-08-10 05:30:00,14.80205050645515,14.803532796738821,0.0
2020-08-10 05:45:00,14.352022508736653,14.322598070784185,0.0
2020-08-10 06:00:00,13.85188940748458,14.589439709234984,0.0
2020-08-10 06:15:00,14.341249649153347,15.47841950857022,0.07916214939249674
2020-08-10 06:30:00,16.455561439420784,18.624549866643452,0.10026242833335892
2020-08-10 06:45:00,16.283985725382372,19.32113785116777,0.154252314740789
2020-08-10 07:00:00,16.63154768633215,20.349450473869947,0.23748685762815339
2020-08-10 07:15:00,17.880363532638356,22.449836983126154,0.24933824389997533
2020-08-10 07:30:00,18.512190036302723,26.003692141414458,0.3395600235289398
2020-08-10 07:45:00,18.269976179686545,24.97962872370701,0.4050454290433246
2020-08-10 08:00:00,18.804773300893725,26.899556973318223,0.4109657781802332
2020-08-10 08:15:00,19.81238150243695,29.48404367761969,0.490651370342292
2020-08-10 08:30:00,19.008531974841844,28.981858433741195,0.5391013231033419
2020-08-10 08:45:00,20.142490659655078,33.72540803801206,0.6022954517273966
2020-08-10 09:00:00,20.97261184742917,34.560491160665116,0.6078863800465101
2020-08-10 09:15:00,21.44342933814566,36.960297703939105,0.6942907720191317
2020-08-10 09:30:00,22.517079616740258,37.73490505897454,0.6996312044205779
2020-08-10 09:45:00,22.448909398748352,38.076216496986476,0.7546963141162868
2020-08-10 10:00:00,22.159053454075103,36.838971294046374,0.7587347825768537
2020-08-10 10:15:00,23.36678757218217,39.532957202263084,0.7826381365534264
2020-08-10 10:30:00,23.99081725521978,40.66879222356129,0.8520514980452306
2020-08-10 10:45:00,23.31971931845414,39.5676227442966,0.8496871749397767
2020-08-10 11:00:00,23.480247086952616,39.86538861187541,0.8347987078498942
2020-08-10 11:15:00,24.978266142264264,42.812245136655086,0.8789230017968112
2020-08-10 11:30:00,24.593942689480084,42.26281624571658,0.8938771749764074
2020-08-10 11:45:00,24.96876392631241,43.87129198876765,0.9121068533790415
2020-08-10 12:00:00,25.493916368886204,42.848213200888914,0.8948148328600743
2020-08-10 12:15:00,25.55908945358203,44.10707593549026,0.8975353756207949
2020-08-10 12:30:00,25.81873091283753,45.75049724689759,0.9390997566761752
2020-08-10 12:45:00,26.10096744557018,45.33191425491506,0.9257058983981677
2020-08-10 13:00:00,26.997034268317933,44.73694792201782,0.8794055905241759
2020-08-10 13:15:00,26.261985681047666,43.60610159449068,0.8628736823526388
2020-08-10 13:30:00,26.978051166760444,44.59174192904742,0.8682965867781506
2020-08-10 13:45:00,26.716413693472077,41.362414593828944,0.8026073157477847
2020-08-10 14:00:00,26.497432303396966,42.612301076891086,0.7833663363760539
2020-08-10 14:15:00,27.000119316736498,39.686660721815905,0.7188912603517288
2020-08-10 14:30:00,27.40042112897273,43.02485144273963,0.6970722915547899
2020-08-10 14:45:00,26.079656825623843,39.101575457728174,0.6612210619278969
2020-08-10 15:00:00,26.16241941152708,36.56939714368852,0.6304683621631445
2020-08-10 15:15:00,25.760392337759136,38.686257609075525,0.61522130114958
2020-08-10 15:30:00,25.931134700166584,36.84462173092196,0.5190151204615274
2020-08-10 15:45:00,26.089737146320743,36.41036202447152,0.47371429931727094
2020-08-10 16:00:00,25.98071904236672,35.96815328962871,0.4476852939839959
2020-08-10 16:15:00,24.857130438217457,33.39569308654419,0.3573987327870767
2020-08-10 16:30:00,25.40042996749669,31.10189570407784,0.3388514800238793
2020-08-10 16:45:00,24.100940632957418,30.011116272967563,0.277558369005063
2020-08-10 17:00:00,24.10799089131198,28.37103256026878,0.2333545751221042
2020-08-10 17:15:00,24.265725707736607,26.986615714627252,0.2256129050835346
2020-08-10 17:30:00,23.34612947539636,26.464897787844947,0.10363591630933389
2020-08-10 17:45:00,23.699684681255896,25.370762383694544,0.07321808103997289
2020-08-10 18:00:00,23.765814595645047,24.017120773393422,0.0
2020-08-10 18:15:00,22.63456194098127,23.20926353104362,0.0
2020-08-10 18:30:00,21.523404089238316,21.72481172945379,0.0
2020-08-10 18:45:00,20.809038028350358,19.699585458991148,0.0
2020-08-10 19:00:00,21.64290724116848,22.776140945329896,0.0
2020-08-10 19:15:00,20.718334583667353,19.34526464629398,0.0
2020-08-10 19:30:00,20.542681812172898,21.628541045629234,0.0
2020-08-10 19:45:00,19.117333625037023,17.659204840585506,0.0
2020-08-10 20:00:00,18.689735722577115,20.105852510081466,0.0
2020-08-10 20:15:00,17.885202185445063,18.649054275309748,0.0
2020-08-10 20:30:00,17.37831480249258,17.68286070689711,0.0
2020-08-10 20:45:00,17.51406491755144,19.67927496849107,0.0
2020-08-10 21:00:00,16.368029666459435,15.368165695397312,0.0
2020-08-10 21:15:00,17.28482089129885,18.034278416238752,0.0
2020-08-10 21:30:00,15.691637339986746,15.959165852495605,0.0
2020-08-10 21:45:00,14.946498417718852,15.158364368763618,0.0
2020-08-10 22:00:00,14.76146633779006,14.357370838853685,0.0
2020-08-10 22:15:00,14.326631660080398,15.1136936933822,0.0
2020-08-10 22:30:00,13.808179894076499,11.617969755226174,0.0
2020-08-10 22:45:00,13.224754711923248,14.14019820483104,0.0
2020-08-10 23:00:00,12.824806115816164,14.719173283685842,0.0
2020-08-10 23:15:00,13.496733427964891,12.963074988250924,0.0
2020-08-10 23:30:00,12.20417985668492,11.117806851692519,0.0
2020-08-10 23:45:00,12.062740153329878,12.486073724207674,0.0
